,ip,sess_id,time,req_method,req_path,req_depth,ua,referer,header_hash,resp_code,resp_content_type,resp_content_length
0,127.0.0.1,48d08400-61be-403e-a2f1-d0669ea0d01b,2022-04-25 15:28:27.396701,GET,/,1,"Mozilla/5.0 (Macintosh; Intel Mac OS X 10_15_7) AppleWebKit/537.36 (KHTML, like Gecko) Chrome/100.0.4896.127 Safari/537.36",,8a75b2eaa8a68bc03a5e0d7c713577e1,200,text/html; charset=utf-8,6077
1,127.0.0.1,48d08400-61be-403e-a2f1-d0669ea0d01b,2022-04-25 15:28:27.412135,GET,/css/company.css,2,"Mozilla/5.0 (Macintosh; Intel Mac OS X 10_15_7) AppleWebKit/537.36 (KHTML, like Gecko) Chrome/100.0.4896.127 Safari/537.36",http://localhost:3000/,c2d2ab32b01cf444d180352fb0d9c51f,304,text/css; charset=utf-8,1034
2,127.0.0.1,48d08400-61be-403e-a2f1-d0669ea0d01b,2022-04-25 15:28:27.414613,GET,/js/minimal-theme-switcher.js,2,"Mozilla/5.0 (Macintosh; Intel Mac OS X 10_15_7) AppleWebKit/537.36 (KHTML, like Gecko) Chrome/100.0.4896.127 Safari/537.36",http://localhost:3000/,c2d2ab32b01cf444d180352fb0d9c51f,304,application/javascript; charset=utf-8,2152
3,127.0.0.1,48d08400-61be-403e-a2f1-d0669ea0d01b,2022-04-25 15:28:27.410998,GET,/css/pico.min.css,2,"Mozilla/5.0 (Macintosh; Intel Mac OS X 10_15_7) AppleWebKit/537.36 (KHTML, like Gecko) Chrome/100.0.4896.127 Safari/537.36",http://localhost:3000/,c2d2ab32b01cf444d180352fb0d9c51f,304,text/css; charset=utf-8,70567
4,127.0.0.1,48d08400-61be-403e-a2f1-d0669ea0d01b,2022-04-25 15:28:27.421402,GET,/img/photo-1.jpeg,2,"Mozilla/5.0 (Macintosh; Intel Mac OS X 10_15_7) AppleWebKit/537.36 (KHTML, like Gecko) Chrome/100.0.4896.127 Safari/537.36",http://localhost:3000/,c2d2ab32b01cf444d180352fb0d9c51f,304,image/jpeg,111565
5,127.0.0.1,48d08400-61be-403e-a2f1-d0669ea0d01b,2022-04-25 15:28:34.378441,GET,/,1,"Mozilla/5.0 (Macintosh; Intel Mac OS X 10_15_7) AppleWebKit/537.36 (KHTML, like Gecko) Chrome/100.0.4896.127 Safari/537.36",,682e44ac4e630bca06b736ee15b2a3f8,200,text/html; charset=utf-8,6077
6,127.0.0.1,48d08400-61be-403e-a2f1-d0669ea0d01b,2022-04-25 15:28:34.427368,GET,/css/pico.min.css,2,"Mozilla/5.0 (Macintosh; Intel Mac OS X 10_15_7) AppleWebKit/537.36 (KHTML, like Gecko) Chrome/100.0.4896.127 Safari/537.36",http://localhost:3000/,161d3e42260358cd518e3b6737a6fb31,200,text/css; charset=utf-8,70567
7,127.0.0.1,48d08400-61be-403e-a2f1-d0669ea0d01b,2022-04-25 15:28:34.428533,GET,/css/company.css,2,"Mozilla/5.0 (Macintosh; Intel Mac OS X 10_15_7) AppleWebKit/537.36 (KHTML, like Gecko) Chrome/100.0.4896.127 Safari/537.36",http://localhost:3000/,161d3e42260358cd518e3b6737a6fb31,200,text/css; charset=utf-8,1034
8,127.0.0.1,48d08400-61be-403e-a2f1-d0669ea0d01b,2022-04-25 15:28:34.434530,GET,/js/minimal-theme-switcher.js,2,"Mozilla/5.0 (Macintosh; Intel Mac OS X 10_15_7) AppleWebKit/537.36 (KHTML, like Gecko) Chrome/100.0.4896.127 Safari/537.36",http://localhost:3000/,161d3e42260358cd518e3b6737a6fb31,200,application/javascript; charset=utf-8,2152
9,127.0.0.1,48d08400-61be-403e-a2f1-d0669ea0d01b,2022-04-25 15:28:34.439915,GET,/img/photo-1.jpeg,2,"Mozilla/5.0 (Macintosh; Intel Mac OS X 10_15_7) AppleWebKit/537.36 (KHTML, like Gecko) Chrome/100.0.4896.127 Safari/537.36",http://localhost:3000/,161d3e42260358cd518e3b6737a6fb31,200,image/jpeg,111565
10,127.0.0.1,48d08400-61be-403e-a2f1-d0669ea0d01b,2022-04-25 15:28:34.588581,GET,/,1,"Mozilla/5.0 (Macintosh; Intel Mac OS X 10_15_7) AppleWebKit/537.36 (KHTML, like Gecko) Chrome/100.0.4896.127 Safari/537.36",,682e44ac4e630bca06b736ee15b2a3f8,200,text/html; charset=utf-8,6077
11,127.0.0.1,48d08400-61be-403e-a2f1-d0669ea0d01b,2022-04-25 15:28:34.608281,GET,/css/pico.min.css,2,"Mozilla/5.0 (Macintosh; Intel Mac OS X 10_15_7) AppleWebKit/537.36 (KHTML, like Gecko) Chrome/100.0.4896.127 Safari/537.36",http://localhost:3000/,161d3e42260358cd518e3b6737a6fb31,200,text/css; charset=utf-8,70567
12,127.0.0.1,48d08400-61be-403e-a2f1-d0669ea0d01b,2022-04-25 15:28:34.610990,GET,/js/minimal-theme-switcher.js,2,"Mozilla/5.0 (Macintosh; Intel Mac OS X 10_15_7) AppleWebKit/537.36 (KHTML, like Gecko) Chrome/100.0.4896.127 Safari/537.36",http://localhost:3000/,161d3e42260358cd518e3b6737a6fb31,200,application/javascript; charset=utf-8,2152
13,127.0.0.1,48d08400-61be-403e-a2f1-d0669ea0d01b,2022-04-25 15:28:34.611768,GET,/img/photo-1.jpeg,2,"Mozilla/5.0 (Macintosh; Intel Mac OS X 10_15_7) AppleWebKit/537.36 (KHTML, like Gecko) Chrome/100.0.4896.127 Safari/537.36",http://localhost:3000/,161d3e42260358cd518e3b6737a6fb31,200,image/jpeg,111565
14,127.0.0.1,48d08400-61be-403e-a2f1-d0669ea0d01b,2022-04-25 15:28:34.779702,GET,/,1,"Mozilla/5.0 (Macintosh; Intel Mac OS X 10_15_7) AppleWebKit/537.36 (KHTML, like Gecko) Chrome/100.0.4896.127 Safari/537.36",,682e44ac4e630bca06b736ee15b2a3f8,200,text/html; charset=utf-8,6077
15,127.0.0.1,48d08400-61be-403e-a2f1-d0669ea0d01b,2022-04-25 15:28:34.799294,GET,/css/pico.min.css,2,"Mozilla/5.0 (Macintosh; Intel Mac OS X 10_15_7) AppleWebKit/537.36 (KHTML, like Gecko) Chrome/100.0.4896.127 Safari/537.36",http://localhost:3000/,161d3e42260358cd518e3b6737a6fb31,200,text/css; charset=utf-8,70567
16,127.0.0.1,48d08400-61be-403e-a2f1-d0669ea0d01b,2022-04-25 15:28:34.804584,GET,/img/photo-1.jpeg,2,"Mozilla/5.0 (Macintosh; Intel Mac OS X 10_15_7) AppleWebKit/537.36 (KHTML, like Gecko) Chrome/100.0.4896.127 Safari/537.36",http://localhost:3000/,161d3e42260358cd518e3b6737a6fb31,200,image/jpeg,111565
17,127.0.0.1,48d08400-61be-403e-a2f1-d0669ea0d01b,2022-04-25 15:28:34.803330,GET,/js/minimal-theme-switcher.js,2,"Mozilla/5.0 (Macintosh; Intel Mac OS X 10_15_7) AppleWebKit/537.36 (KHTML, like Gecko) Chrome/100.0.4896.127 Safari/537.36",http://localhost:3000/,161d3e42260358cd518e3b6737a6fb31,200,application/javascript; charset=utf-8,2152
18,127.0.0.1,48d08400-61be-403e-a2f1-d0669ea0d01b,2022-04-25 15:28:34.803799,GET,/css/company.css,2,"Mozilla/5.0 (Macintosh; Intel Mac OS X 10_15_7) AppleWebKit/537.36 (KHTML, like Gecko) Chrome/100.0.4896.127 Safari/537.36",http://localhost:3000/,161d3e42260358cd518e3b6737a6fb31,200,text/css; charset=utf-8,1034
19,127.0.0.1,48d08400-61be-403e-a2f1-d0669ea0d01b,2022-04-25 15:28:34.955222,GET,/,1,"Mozilla/5.0 (Macintosh; Intel Mac OS X 10_15_7) AppleWebKit/537.36 (KHTML, like Gecko) Chrome/100.0.4896.127 Safari/537.36",,682e44ac4e630bca06b736ee15b2a3f8,200,text/html; charset=utf-8,6077
20,127.0.0.1,48d08400-61be-403e-a2f1-d0669ea0d01b,2022-04-25 15:28:34.973957,GET,/css/pico.min.css,2,"Mozilla/5.0 (Macintosh; Intel Mac OS X 10_15_7) AppleWebKit/537.36 (KHTML, like Gecko) Chrome/100.0.4896.127 Safari/537.36",http://localhost:3000/,161d3e42260358cd518e3b6737a6fb31,200,text/css; charset=utf-8,70567
21,127.0.0.1,48d08400-61be-403e-a2f1-d0669ea0d01b,2022-04-25 15:28:34.974986,GET,/css/company.css,2,"Mozilla/5.0 (Macintosh; Intel Mac OS X 10_15_7) AppleWebKit/537.36 (KHTML, like Gecko) Chrome/100.0.4896.127 Safari/537.36",http://localhost:3000/,161d3e42260358cd518e3b6737a6fb31,200,text/css; charset=utf-8,1034
22,127.0.0.1,48d08400-61be-403e-a2f1-d0669ea0d01b,2022-04-25 15:28:34.979052,GET,/img/photo-1.jpeg,2,"Mozilla/5.0 (Macintosh; Intel Mac OS X 10_15_7) AppleWebKit/537.36 (KHTML, like Gecko) Chrome/100.0.4896.127 Safari/537.36",http://localhost:3000/,161d3e42260358cd518e3b6737a6fb31,200,image/jpeg,111565
23,127.0.0.1,48d08400-61be-403e-a2f1-d0669ea0d01b,2022-04-25 15:28:34.978310,GET,/js/minimal-theme-switcher.js,2,"Mozilla/5.0 (Macintosh; Intel Mac OS X 10_15_7) AppleWebKit/537.36 (KHTML, like Gecko) Chrome/100.0.4896.127 Safari/537.36",http://localhost:3000/,161d3e42260358cd518e3b6737a6fb31,200,application/javascript; charset=utf-8,2152
24,127.0.0.1,48d08400-61be-403e-a2f1-d0669ea0d01b,2022-04-25 15:28:35.133400,GET,/,1,"Mozilla/5.0 (Macintosh; Intel Mac OS X 10_15_7) AppleWebKit/537.36 (KHTML, like Gecko) Chrome/100.0.4896.127 Safari/537.36",,682e44ac4e630bca06b736ee15b2a3f8,200,text/html; charset=utf-8,6077
25,127.0.0.1,48d08400-61be-403e-a2f1-d0669ea0d01b,2022-04-25 15:28:35.151320,GET,/css/pico.min.css,2,"Mozilla/5.0 (Macintosh; Intel Mac OS X 10_15_7) AppleWebKit/537.36 (KHTML, like Gecko) Chrome/100.0.4896.127 Safari/537.36",http://localhost:3000/,161d3e42260358cd518e3b6737a6fb31,200,text/css; charset=utf-8,70567
26,127.0.0.1,48d08400-61be-403e-a2f1-d0669ea0d01b,2022-04-25 15:28:35.152241,GET,/css/company.css,2,"Mozilla/5.0 (Macintosh; Intel Mac OS X 10_15_7) AppleWebKit/537.36 (KHTML, like Gecko) Chrome/100.0.4896.127 Safari/537.36",http://localhost:3000/,161d3e42260358cd518e3b6737a6fb31,200,text/css; charset=utf-8,1034
27,127.0.0.1,48d08400-61be-403e-a2f1-d0669ea0d01b,2022-04-25 15:28:35.155228,GET,/js/minimal-theme-switcher.js,2,"Mozilla/5.0 (Macintosh; Intel Mac OS X 10_15_7) AppleWebKit/537.36 (KHTML, like Gecko) Chrome/100.0.4896.127 Safari/537.36",http://localhost:3000/,161d3e42260358cd518e3b6737a6fb31,200,application/javascript; charset=utf-8,2152
28,127.0.0.1,48d08400-61be-403e-a2f1-d0669ea0d01b,2022-04-25 15:28:35.158284,GET,/img/photo-1.jpeg,2,"Mozilla/5.0 (Macintosh; Intel Mac OS X 10_15_7) AppleWebKit/537.36 (KHTML, like Gecko) Chrome/100.0.4896.127 Safari/537.36",http://localhost:3000/,161d3e42260358cd518e3b6737a6fb31,200,image/jpeg,111565
29,127.0.0.1,48d08400-61be-403e-a2f1-d0669ea0d01b,2022-04-25 15:28:35.327315,GET,/,1,"Mozilla/5.0 (Macintosh; Intel Mac OS X 10_15_7) AppleWebKit/537.36 (KHTML, like Gecko) Chrome/100.0.4896.127 Safari/537.36",,682e44ac4e630bca06b736ee15b2a3f8,200,text/html; charset=utf-8,6077
30,127.0.0.1,48d08400-61be-403e-a2f1-d0669ea0d01b,2022-04-25 15:28:35.345578,GET,/css/company.css,2,"Mozilla/5.0 (Macintosh; Intel Mac OS X 10_15_7) AppleWebKit/537.36 (KHTML, like Gecko) Chrome/100.0.4896.127 Safari/537.36",http://localhost:3000/,161d3e42260358cd518e3b6737a6fb31,200,text/css; charset=utf-8,1034
31,127.0.0.1,48d08400-61be-403e-a2f1-d0669ea0d01b,2022-04-25 15:28:35.345412,GET,/css/pico.min.css,2,"Mozilla/5.0 (Macintosh; Intel Mac OS X 10_15_7) AppleWebKit/537.36 (KHTML, like Gecko) Chrome/100.0.4896.127 Safari/537.36",http://localhost:3000/,161d3e42260358cd518e3b6737a6fb31,200,text/css; charset=utf-8,70567
32,127.0.0.1,48d08400-61be-403e-a2f1-d0669ea0d01b,2022-04-25 15:28:35.348617,GET,/js/minimal-theme-switcher.js,2,"Mozilla/5.0 (Macintosh; Intel Mac OS X 10_15_7) AppleWebKit/537.36 (KHTML, like Gecko) Chrome/100.0.4896.127 Safari/537.36",http://localhost:3000/,161d3e42260358cd518e3b6737a6fb31,200,application/javascript; charset=utf-8,2152
33,127.0.0.1,48d08400-61be-403e-a2f1-d0669ea0d01b,2022-04-25 15:28:35.351322,GET,/img/photo-1.jpeg,2,"Mozilla/5.0 (Macintosh; Intel Mac OS X 10_15_7) AppleWebKit/537.36 (KHTML, like Gecko) Chrome/100.0.4896.127 Safari/537.36",http://localhost:3000/,161d3e42260358cd518e3b6737a6fb31,200,image/jpeg,111565
34,127.0.0.1,48d08400-61be-403e-a2f1-d0669ea0d01b,2022-04-25 15:28:35.488809,GET,/,1,"Mozilla/5.0 (Macintosh; Intel Mac OS X 10_15_7) AppleWebKit/537.36 (KHTML, like Gecko) Chrome/100.0.4896.127 Safari/537.36",,682e44ac4e630bca06b736ee15b2a3f8,200,text/html; charset=utf-8,6077
35,127.0.0.1,48d08400-61be-403e-a2f1-d0669ea0d01b,2022-04-25 15:28:35.508706,GET,/js/minimal-theme-switcher.js,2,"Mozilla/5.0 (Macintosh; Intel Mac OS X 10_15_7) AppleWebKit/537.36 (KHTML, like Gecko) Chrome/100.0.4896.127 Safari/537.36",http://localhost:3000/,161d3e42260358cd518e3b6737a6fb31,200,application/javascript; charset=utf-8,2152
36,127.0.0.1,48d08400-61be-403e-a2f1-d0669ea0d01b,2022-04-25 15:28:35.507816,GET,/css/company.css,2,"Mozilla/5.0 (Macintosh; Intel Mac OS X 10_15_7) AppleWebKit/537.36 (KHTML, like Gecko) Chrome/100.0.4896.127 Safari/537.36",http://localhost:3000/,161d3e42260358cd518e3b6737a6fb31,200,text/css; charset=utf-8,1034
37,127.0.0.1,48d08400-61be-403e-a2f1-d0669ea0d01b,2022-04-25 15:28:35.507005,GET,/css/pico.min.css,2,"Mozilla/5.0 (Macintosh; Intel Mac OS X 10_15_7) AppleWebKit/537.36 (KHTML, like Gecko) Chrome/100.0.4896.127 Safari/537.36",http://localhost:3000/,161d3e42260358cd518e3b6737a6fb31,200,text/css; charset=utf-8,70567
38,127.0.0.1,48d08400-61be-403e-a2f1-d0669ea0d01b,2022-04-25 15:28:35.513830,GET,/img/photo-1.jpeg,2,"Mozilla/5.0 (Macintosh; Intel Mac OS X 10_15_7) AppleWebKit/537.36 (KHTML, like Gecko) Chrome/100.0.4896.127 Safari/537.36",http://localhost:3000/,161d3e42260358cd518e3b6737a6fb31,200,image/jpeg,111565
39,127.0.0.1,48d08400-61be-403e-a2f1-d0669ea0d01b,2022-04-25 15:28:35.672271,GET,/,1,"Mozilla/5.0 (Macintosh; Intel Mac OS X 10_15_7) AppleWebKit/537.36 (KHTML, like Gecko) Chrome/100.0.4896.127 Safari/537.36",,682e44ac4e630bca06b736ee15b2a3f8,200,text/html; charset=utf-8,6077
40,127.0.0.1,48d08400-61be-403e-a2f1-d0669ea0d01b,2022-04-25 15:28:35.692693,GET,/js/minimal-theme-switcher.js,2,"Mozilla/5.0 (Macintosh; Intel Mac OS X 10_15_7) AppleWebKit/537.36 (KHTML, like Gecko) Chrome/100.0.4896.127 Safari/537.36",http://localhost:3000/,161d3e42260358cd518e3b6737a6fb31,200,application/javascript; charset=utf-8,2152
41,127.0.0.1,48d08400-61be-403e-a2f1-d0669ea0d01b,2022-04-25 15:28:35.690893,GET,/css/company.css,2,"Mozilla/5.0 (Macintosh; Intel Mac OS X 10_15_7) AppleWebKit/537.36 (KHTML, like Gecko) Chrome/100.0.4896.127 Safari/537.36",http://localhost:3000/,161d3e42260358cd518e3b6737a6fb31,200,text/css; charset=utf-8,1034
42,127.0.0.1,48d08400-61be-403e-a2f1-d0669ea0d01b,2022-04-25 15:28:35.699606,GET,/img/photo-1.jpeg,2,"Mozilla/5.0 (Macintosh; Intel Mac OS X 10_15_7) AppleWebKit/537.36 (KHTML, like Gecko) Chrome/100.0.4896.127 Safari/537.36",http://localhost:3000/,161d3e42260358cd518e3b6737a6fb31,200,image/jpeg,111565
43,127.0.0.1,48d08400-61be-403e-a2f1-d0669ea0d01b,2022-04-25 15:28:35.796006,GET,/,1,"Mozilla/5.0 (Macintosh; Intel Mac OS X 10_15_7) AppleWebKit/537.36 (KHTML, like Gecko) Chrome/100.0.4896.127 Safari/537.36",,682e44ac4e630bca06b736ee15b2a3f8,200,text/html; charset=utf-8,6077
44,127.0.0.1,48d08400-61be-403e-a2f1-d0669ea0d01b,2022-04-25 15:28:35.820904,GET,/css/company.css,2,"Mozilla/5.0 (Macintosh; Intel Mac OS X 10_15_7) AppleWebKit/537.36 (KHTML, like Gecko) Chrome/100.0.4896.127 Safari/537.36",http://localhost:3000/,161d3e42260358cd518e3b6737a6fb31,200,text/css; charset=utf-8,1034
45,127.0.0.1,48d08400-61be-403e-a2f1-d0669ea0d01b,2022-04-25 15:28:35.822788,GET,/js/minimal-theme-switcher.js,2,"Mozilla/5.0 (Macintosh; Intel Mac OS X 10_15_7) AppleWebKit/537.36 (KHTML, like Gecko) Chrome/100.0.4896.127 Safari/537.36",http://localhost:3000/,161d3e42260358cd518e3b6737a6fb31,200,application/javascript; charset=utf-8,2152
46,127.0.0.1,48d08400-61be-403e-a2f1-d0669ea0d01b,2022-04-25 15:28:35.819911,GET,/css/pico.min.css,2,"Mozilla/5.0 (Macintosh; Intel Mac OS X 10_15_7) AppleWebKit/537.36 (KHTML, like Gecko) Chrome/100.0.4896.127 Safari/537.36",http://localhost:3000/,161d3e42260358cd518e3b6737a6fb31,200,text/css; charset=utf-8,70567
47,127.0.0.1,48d08400-61be-403e-a2f1-d0669ea0d01b,2022-04-25 15:28:35.825230,GET,/img/photo-1.jpeg,2,"Mozilla/5.0 (Macintosh; Intel Mac OS X 10_15_7) AppleWebKit/537.36 (KHTML, like Gecko) Chrome/100.0.4896.127 Safari/537.36",http://localhost:3000/,161d3e42260358cd518e3b6737a6fb31,200,image/jpeg,111565
48,127.0.0.1,48d08400-61be-403e-a2f1-d0669ea0d01b,2022-04-25 15:28:41.639526,GET,/,1,"Mozilla/5.0 (Macintosh; Intel Mac OS X 10_15_7) AppleWebKit/537.36 (KHTML, like Gecko) Chrome/100.0.4896.127 Safari/537.36",,8a75b2eaa8a68bc03a5e0d7c713577e1,200,text/html; charset=utf-8,6077
49,127.0.0.1,48d08400-61be-403e-a2f1-d0669ea0d01b,2022-04-25 15:28:41.693786,GET,/css/company.css,2,"Mozilla/5.0 (Macintosh; Intel Mac OS X 10_15_7) AppleWebKit/537.36 (KHTML, like Gecko) Chrome/100.0.4896.127 Safari/537.36",http://localhost:3000/,c2d2ab32b01cf444d180352fb0d9c51f,304,text/css; charset=utf-8,1034
50,127.0.0.1,48d08400-61be-403e-a2f1-d0669ea0d01b,2022-04-25 15:28:41.692422,GET,/css/pico.min.css,2,"Mozilla/5.0 (Macintosh; Intel Mac OS X 10_15_7) AppleWebKit/537.36 (KHTML, like Gecko) Chrome/100.0.4896.127 Safari/537.36",http://localhost:3000/,c2d2ab32b01cf444d180352fb0d9c51f,304,text/css; charset=utf-8,70567
51,127.0.0.1,48d08400-61be-403e-a2f1-d0669ea0d01b,2022-04-25 15:28:41.699507,GET,/js/minimal-theme-switcher.js,2,"Mozilla/5.0 (Macintosh; Intel Mac OS X 10_15_7) AppleWebKit/537.36 (KHTML, like Gecko) Chrome/100.0.4896.127 Safari/537.36",http://localhost:3000/,c2d2ab32b01cf444d180352fb0d9c51f,304,application/javascript; charset=utf-8,2152
52,127.0.0.1,48d08400-61be-403e-a2f1-d0669ea0d01b,2022-04-25 15:28:41.704560,GET,/img/photo-1.jpeg,2,"Mozilla/5.0 (Macintosh; Intel Mac OS X 10_15_7) AppleWebKit/537.36 (KHTML, like Gecko) Chrome/100.0.4896.127 Safari/537.36",http://localhost:3000/,c2d2ab32b01cf444d180352fb0d9c51f,304,image/jpeg,111565
53,127.0.0.1,48d08400-61be-403e-a2f1-d0669ea0d01b,2022-04-25 15:28:41.822548,GET,/,1,"Mozilla/5.0 (Macintosh; Intel Mac OS X 10_15_7) AppleWebKit/537.36 (KHTML, like Gecko) Chrome/100.0.4896.127 Safari/537.36",,8a75b2eaa8a68bc03a5e0d7c713577e1,200,text/html; charset=utf-8,6077
54,127.0.0.1,48d08400-61be-403e-a2f1-d0669ea0d01b,2022-04-25 15:28:41.840716,GET,/css/pico.min.css,2,"Mozilla/5.0 (Macintosh; Intel Mac OS X 10_15_7) AppleWebKit/537.36 (KHTML, like Gecko) Chrome/100.0.4896.127 Safari/537.36",http://localhost:3000/,c2d2ab32b01cf444d180352fb0d9c51f,304,text/css; charset=utf-8,70567
55,127.0.0.1,48d08400-61be-403e-a2f1-d0669ea0d01b,2022-04-25 15:28:41.843369,GET,/js/minimal-theme-switcher.js,2,"Mozilla/5.0 (Macintosh; Intel Mac OS X 10_15_7) AppleWebKit/537.36 (KHTML, like Gecko) Chrome/100.0.4896.127 Safari/537.36",http://localhost:3000/,c2d2ab32b01cf444d180352fb0d9c51f,304,application/javascript; charset=utf-8,2152
56,127.0.0.1,48d08400-61be-403e-a2f1-d0669ea0d01b,2022-04-25 15:28:41.844784,GET,/img/photo-1.jpeg,2,"Mozilla/5.0 (Macintosh; Intel Mac OS X 10_15_7) AppleWebKit/537.36 (KHTML, like Gecko) Chrome/100.0.4896.127 Safari/537.36",http://localhost:3000/,c2d2ab32b01cf444d180352fb0d9c51f,304,image/jpeg,111565
57,127.0.0.1,48d08400-61be-403e-a2f1-d0669ea0d01b,2022-04-25 15:28:41.841445,GET,/css/company.css,2,"Mozilla/5.0 (Macintosh; Intel Mac OS X 10_15_7) AppleWebKit/537.36 (KHTML, like Gecko) Chrome/100.0.4896.127 Safari/537.36",http://localhost:3000/,c2d2ab32b01cf444d180352fb0d9c51f,304,text/css; charset=utf-8,1034
58,127.0.0.1,48d08400-61be-403e-a2f1-d0669ea0d01b,2022-04-25 15:28:41.993381,GET,/,1,"Mozilla/5.0 (Macintosh; Intel Mac OS X 10_15_7) AppleWebKit/537.36 (KHTML, like Gecko) Chrome/100.0.4896.127 Safari/537.36",,8a75b2eaa8a68bc03a5e0d7c713577e1,200,text/html; charset=utf-8,6077
59,127.0.0.1,48d08400-61be-403e-a2f1-d0669ea0d01b,2022-04-25 15:28:42.012734,GET,/css/pico.min.css,2,"Mozilla/5.0 (Macintosh; Intel Mac OS X 10_15_7) AppleWebKit/537.36 (KHTML, like Gecko) Chrome/100.0.4896.127 Safari/537.36",http://localhost:3000/,c2d2ab32b01cf444d180352fb0d9c51f,304,text/css; charset=utf-8,70567
60,127.0.0.1,48d08400-61be-403e-a2f1-d0669ea0d01b,2022-04-25 15:28:42.013487,GET,/css/company.css,2,"Mozilla/5.0 (Macintosh; Intel Mac OS X 10_15_7) AppleWebKit/537.36 (KHTML, like Gecko) Chrome/100.0.4896.127 Safari/537.36",http://localhost:3000/,c2d2ab32b01cf444d180352fb0d9c51f,304,text/css; charset=utf-8,1034
61,127.0.0.1,48d08400-61be-403e-a2f1-d0669ea0d01b,2022-04-25 15:28:42.016047,GET,/js/minimal-theme-switcher.js,2,"Mozilla/5.0 (Macintosh; Intel Mac OS X 10_15_7) AppleWebKit/537.36 (KHTML, like Gecko) Chrome/100.0.4896.127 Safari/537.36",http://localhost:3000/,c2d2ab32b01cf444d180352fb0d9c51f,304,application/javascript; charset=utf-8,2152
62,127.0.0.1,48d08400-61be-403e-a2f1-d0669ea0d01b,2022-04-25 15:28:42.022955,GET,/img/photo-1.jpeg,2,"Mozilla/5.0 (Macintosh; Intel Mac OS X 10_15_7) AppleWebKit/537.36 (KHTML, like Gecko) Chrome/100.0.4896.127 Safari/537.36",http://localhost:3000/,c2d2ab32b01cf444d180352fb0d9c51f,304,image/jpeg,111565
63,127.0.0.1,48d08400-61be-403e-a2f1-d0669ea0d01b,2022-04-25 15:28:42.161449,GET,/,1,"Mozilla/5.0 (Macintosh; Intel Mac OS X 10_15_7) AppleWebKit/537.36 (KHTML, like Gecko) Chrome/100.0.4896.127 Safari/537.36",,8a75b2eaa8a68bc03a5e0d7c713577e1,200,text/html; charset=utf-8,6077
64,127.0.0.1,48d08400-61be-403e-a2f1-d0669ea0d01b,2022-04-25 15:28:42.181065,GET,/css/pico.min.css,2,"Mozilla/5.0 (Macintosh; Intel Mac OS X 10_15_7) AppleWebKit/537.36 (KHTML, like Gecko) Chrome/100.0.4896.127 Safari/537.36",http://localhost:3000/,c2d2ab32b01cf444d180352fb0d9c51f,304,text/css; charset=utf-8,70567
65,127.0.0.1,48d08400-61be-403e-a2f1-d0669ea0d01b,2022-04-25 15:28:42.183145,GET,/css/company.css,2,"Mozilla/5.0 (Macintosh; Intel Mac OS X 10_15_7) AppleWebKit/537.36 (KHTML, like Gecko) Chrome/100.0.4896.127 Safari/537.36",http://localhost:3000/,c2d2ab32b01cf444d180352fb0d9c51f,304,text/css; charset=utf-8,1034
66,127.0.0.1,48d08400-61be-403e-a2f1-d0669ea0d01b,2022-04-25 15:28:42.184630,GET,/js/minimal-theme-switcher.js,2,"Mozilla/5.0 (Macintosh; Intel Mac OS X 10_15_7) AppleWebKit/537.36 (KHTML, like Gecko) Chrome/100.0.4896.127 Safari/537.36",http://localhost:3000/,c2d2ab32b01cf444d180352fb0d9c51f,304,application/javascript; charset=utf-8,2152
67,127.0.0.1,48d08400-61be-403e-a2f1-d0669ea0d01b,2022-04-25 15:28:42.189527,GET,/img/photo-1.jpeg,2,"Mozilla/5.0 (Macintosh; Intel Mac OS X 10_15_7) AppleWebKit/537.36 (KHTML, like Gecko) Chrome/100.0.4896.127 Safari/537.36",http://localhost:3000/,c2d2ab32b01cf444d180352fb0d9c51f,304,image/jpeg,111565
68,127.0.0.1,48d08400-61be-403e-a2f1-d0669ea0d01b,2022-04-25 15:28:42.341665,GET,/,1,"Mozilla/5.0 (Macintosh; Intel Mac OS X 10_15_7) AppleWebKit/537.36 (KHTML, like Gecko) Chrome/100.0.4896.127 Safari/537.36",,8a75b2eaa8a68bc03a5e0d7c713577e1,200,text/html; charset=utf-8,6077
69,127.0.0.1,48d08400-61be-403e-a2f1-d0669ea0d01b,2022-04-25 15:28:42.361103,GET,/css/pico.min.css,2,"Mozilla/5.0 (Macintosh; Intel Mac OS X 10_15_7) AppleWebKit/537.36 (KHTML, like Gecko) Chrome/100.0.4896.127 Safari/537.36",http://localhost:3000/,c2d2ab32b01cf444d180352fb0d9c51f,304,text/css; charset=utf-8,70567
70,127.0.0.1,48d08400-61be-403e-a2f1-d0669ea0d01b,2022-04-25 15:28:42.362178,GET,/css/company.css,2,"Mozilla/5.0 (Macintosh; Intel Mac OS X 10_15_7) AppleWebKit/537.36 (KHTML, like Gecko) Chrome/100.0.4896.127 Safari/537.36",http://localhost:3000/,c2d2ab32b01cf444d180352fb0d9c51f,304,text/css; charset=utf-8,1034
71,127.0.0.1,48d08400-61be-403e-a2f1-d0669ea0d01b,2022-04-25 15:28:42.366957,GET,/js/minimal-theme-switcher.js,2,"Mozilla/5.0 (Macintosh; Intel Mac OS X 10_15_7) AppleWebKit/537.36 (KHTML, like Gecko) Chrome/100.0.4896.127 Safari/537.36",http://localhost:3000/,c2d2ab32b01cf444d180352fb0d9c51f,304,application/javascript; charset=utf-8,2152
72,127.0.0.1,48d08400-61be-403e-a2f1-d0669ea0d01b,2022-04-25 15:28:42.372464,GET,/img/photo-1.jpeg,2,"Mozilla/5.0 (Macintosh; Intel Mac OS X 10_15_7) AppleWebKit/537.36 (KHTML, like Gecko) Chrome/100.0.4896.127 Safari/537.36",http://localhost:3000/,c2d2ab32b01cf444d180352fb0d9c51f,304,image/jpeg,111565
73,127.0.0.1,48d08400-61be-403e-a2f1-d0669ea0d01b,2022-04-25 15:28:42.518146,GET,/,1,"Mozilla/5.0 (Macintosh; Intel Mac OS X 10_15_7) AppleWebKit/537.36 (KHTML, like Gecko) Chrome/100.0.4896.127 Safari/537.36",,8a75b2eaa8a68bc03a5e0d7c713577e1,200,text/html; charset=utf-8,6077
74,127.0.0.1,48d08400-61be-403e-a2f1-d0669ea0d01b,2022-04-25 15:28:42.540356,GET,/css/company.css,2,"Mozilla/5.0 (Macintosh; Intel Mac OS X 10_15_7) AppleWebKit/537.36 (KHTML, like Gecko) Chrome/100.0.4896.127 Safari/537.36",http://localhost:3000/,c2d2ab32b01cf444d180352fb0d9c51f,304,text/css; charset=utf-8,1034
75,127.0.0.1,48d08400-61be-403e-a2f1-d0669ea0d01b,2022-04-25 15:28:42.542636,GET,/js/minimal-theme-switcher.js,2,"Mozilla/5.0 (Macintosh; Intel Mac OS X 10_15_7) AppleWebKit/537.36 (KHTML, like Gecko) Chrome/100.0.4896.127 Safari/537.36",http://localhost:3000/,c2d2ab32b01cf444d180352fb0d9c51f,304,application/javascript; charset=utf-8,2152
76,127.0.0.1,48d08400-61be-403e-a2f1-d0669ea0d01b,2022-04-25 15:28:42.546527,GET,/img/photo-1.jpeg,2,"Mozilla/5.0 (Macintosh; Intel Mac OS X 10_15_7) AppleWebKit/537.36 (KHTML, like Gecko) Chrome/100.0.4896.127 Safari/537.36",http://localhost:3000/,c2d2ab32b01cf444d180352fb0d9c51f,304,image/jpeg,111565
